<?xml version="1.0" encoding="ISO-8859-1" ?>
<project name="JasonSample" basedir="." default="run">
	<property name="mas2j.project.file" value="JasonSample.mas2j"/>
	<property name="debug" value="false"/> <!-- use "-debug" to run in debug mode -->
	<property name="jasonJar" value="lib\jason.jar"/>

	<path id="project.classpath">
		<pathelement location="."/>
		<pathelement location="${jasonJar}"/>
	</path>

	<target name="run">
		<echo message="Running project ${ant.project.name}"/>
		<java classname="jason.infra.centralised.RunCentralisedMAS" failonerror="true" fork="yes" dir="${basedir}">
			<classpath refid="project.classpath"/>
			<arg line="${mas2j.project.file} ${debug} "/>
		</java>
	</target>
</project>